{"cameraMode":{"drawMode":0,"name":"Shaded","section":"Shading Mode"},"sceneLighting":true,"audioPlay":false,"sceneViewState":{"showFog":true,"showMaterialUpdate":false,"showSkybox":true,"showFlares":true,"showImageEffects":true,"showParticleSystems":true},"in2DMode":false,"pivot":{"x":-7.485466957092285,"y":6.55723237991333,"z":44.54708480834961},"rotation":{"x":0.03034363128244877,"y":0.9694783687591553,"z":-0.16232649981975556,"w":0.18122340738773347},"size":8.045614242553711,"orthographic":false}