{"cameraMode":{"drawMode":0,"name":"Shaded","section":"Shading Mode"},"sceneLighting":true,"audioPlay":false,"sceneViewState":{"showFog":true,"showMaterialUpdate":false,"showSkybox":true,"showFlares":true,"showImageEffects":true,"showParticleSystems":true},"in2DMode":false,"pivot":{"x":-0.2520270347595215,"y":1.6188931465148926,"z":2.8256235122680666},"rotation":{"x":0.056301724165678027,"y":0.9423205256462097,"z":-0.2580673098564148,"w":0.20558303594589234},"size":51.22962951660156,"orthographic":false}