{"cameraMode":{"drawMode":0,"name":"Shaded","section":"Shading Mode"},"sceneLighting":true,"audioPlay":false,"sceneViewState":{"showFog":true,"showMaterialUpdate":false,"showSkybox":true,"showFlares":true,"showImageEffects":true,"showParticleSystems":true},"in2DMode":false,"pivot":{"x":22.8996639251709,"y":-1.9031352996826172,"z":11.229162216186524},"rotation":{"x":-0.10778739303350449,"y":0.8912935256958008,"z":-0.2892543077468872,"w":-0.3321305513381958},"size":13.330666542053223,"orthographic":false}