{"cameraMode":{"drawMode":0,"name":"Shaded","section":"Shading Mode"},"sceneLighting":true,"audioPlay":false,"sceneViewState":{"showFog":true,"showMaterialUpdate":false,"showSkybox":true,"showFlares":true,"showImageEffects":true,"showParticleSystems":true},"in2DMode":false,"pivot":{"x":-0.13470017910003663,"y":0.6696064472198486,"z":1.0779950618743897},"rotation":{"x":0.10064876824617386,"y":0.8809748888015747,"z":-0.4081026315689087,"w":0.21727170050144196},"size":6.278055667877197,"orthographic":false}