{"cameraMode":{"drawMode":0,"name":"Shaded","section":"Shading Mode"},"sceneLighting":false,"audioPlay":false,"sceneViewState":{"showFog":true,"showMaterialUpdate":false,"showSkybox":false,"showFlares":true,"showImageEffects":true,"showParticleSystems":true},"in2DMode":false,"pivot":{"x":1.679999828338623,"y":0.7899999618530273,"z":-0.7599999904632568},"rotation":{"x":-0.10778739303350449,"y":0.8912935256958008,"z":-0.2892543077468872,"w":-0.3321305513381958},"size":3.5663530826568605,"orthographic":false}