{"cameraMode":{"drawMode":0,"name":"Shaded","section":"Shading Mode"},"sceneLighting":false,"audioPlay":false,"sceneViewState":{"showFog":true,"showMaterialUpdate":false,"showSkybox":false,"showFlares":true,"showImageEffects":true,"showParticleSystems":true},"in2DMode":false,"pivot":{"x":0.4227924346923828,"y":0.8195366859436035,"z":0.8936285972595215},"rotation":{"x":-0.07129555940628052,"y":0.9115694761276245,"z":-0.17891669273376466,"w":-0.36324599385261538},"size":5.296428680419922,"orthographic":false}